Station;
Date;16.09.25
Time;21:57:05
Workpiece;
Tool;01
Application;02
Min. Total Angle;-3211
Max. Total Angle;9
Angle;Torque;Window ID
0,00;0,04
1,00;0,04
2,00;0,04
3,00;0,04
4,00;0,04
5,00;0,04
6,00;0,07
7,00;0,07
8,00;0,07
9,00;0,04
10,00;0,04
11,00;0,04
12,00;0,07
13,00;0,07
14,00;0,07
15,00;0,07
16,00;0,07
17,00;0,07
18,00;0,07
19,00;0,04
20,00;0,07
21,00;0,07
22,00;0,07
23,00;0,07
24,00;0,07
25,00;0,07
26,00;0,07
27,00;0,07
28,00;0,07
29,00;0,11
30,00;0,11
31,00;0,07
32,00;0,04
33,00;0,07
34,00;0,07
35,00;0,07
36,00;0,07
37,00;0,07
38,00;0,11
39,00;0,07
40,00;0,11
41,00;0,07
42,00;0,11
43,00;0,07
44,00;0,04
45,00;0,04
46,00;0,07
47,00;0,07
48,00;0,07
49,00;0,11
50,00;0,11
51,00;0,07
52,00;0,11
53,00;0,07
54,00;0,15
55,00;0,11
56,00;0,11
57,00;0,04
58,00;0,04
59,00;0,04
60,00;0,04
61,00;0,11
62,00;0,11
63,00;0,15
64,00;0,15
65,00;0,15
66,00;0,18
67,00;0,18
68,00;0,15
69,00;0,11
70,00;0,07
71,00;0,15
72,00;0,00
73,00;0,04
74,00;0,11
75,00;0,15
76,00;0,15
77,00;0,15
78,00;0,18
79,00;0,18
80,00;0,22
81,00;0,15
82,00;0,15
83,00;0,18
84,00;0,11
85,00;0,07
86,00;0,07
87,00;0,11
88,00;0,15
89,00;0,15
90,00;0,18
91,00;0,15
92,00;0,15
93,00;0,15
94,00;0,15
95,00;0,11
96,00;0,11
97,00;0,07
98,00;0,07
99,00;0,04
100,00;0,04
101,00;0,11
102,00;0,15
103,00;0,15
104,00;0,15
105,00;0,15
106,00;0,11
107,00;0,11
108,00;0,11
109,00;0,11
110,00;0,07
111,00;0,00
112,00;0,04
113,00;0,00
114,00;0,04
115,00;0,07
116,00;0,07
117,00;0,11
118,00;0,11
119,00;0,11
120,00;0,11
121,00;0,15
122,00;0,00
123,00;0,00
124,00;0,00
125,00;0,04
126,00;0,04
127,00;0,07
128,00;0,07
129,00;0,07
130,00;0,15
131,00;0,11
132,00;0,15
133,00;0,15
134,00;0,15
135,00;0,04
136,00;0,04
137,00;0,04
138,00;0,04
139,00;0,04
140,00;0,07
141,00;0,07
142,00;0,07
143,00;0,07
144,00;0,11
145,00;0,11
146,00;0,15
147,00;0,07
148,00;0,07
149,00;0,04
150,00;0,04
151,00;0,00
152,00;0,00
153,00;0,00
154,00;0,07
155,00;0,15
156,00;0,15
157,00;0,11
158,00;0,11
159,00;0,11
160,00;0,11
161,00;0,07
162,00;0,04
163,00;0,04
164,00;0,04
165,00;0,04
166,00;0,04
167,00;0,04
168,00;0,15
169,00;0,11
170,00;0,11
171,00;0,11
172,00;0,15
173,00;0,11
174,00;0,15
175,00;0,00
176,00;0,00
177,00;0,00
178,00;0,00
179,00;0,00
180,00;0,04
181,00;0,11
182,00;0,11
183,00;0,11
184,00;0,11
185,00;0,15
186,00;0,15
187,00;0,07
188,00;0,07
189,00;0,07
190,00;-0,04
191,00;-0,04
192,00;0,04
193,00;0,07
194,00;0,07
195,00;0,07
196,00;0,11
197,00;0,15
198,00;0,15
199,00;0,11
200,00;0,04
201,00;0,04
202,00;0,07
203,00;0,00
204,00;0,00
205,00;0,04
206,00;0,04
207,00;0,07
208,00;0,15
209,00;0,07
210,00;0,15
211,00;0,15
212,00;0,15
213,00;0,07
214,00;0,11
215,00;0,04
216,00;0,00
217,00;0,00
218,00;0,00
219,00;0,04
220,00;0,11
221,00;0,11
222,00;0,18
223,00;0,18
224,00;0,15
225,00;0,15
226,00;0,11
227,00;0,11
228,00;0,07
229,00;0,04
230,00;-0,04
231,00;0,00
232,00;0,07
233,00;0,04
234,00;0,15
235,00;0,15
236,00;0,15
237,00;0,15
238,00;0,18
239,00;0,11
240,00;0,11
241,00;0,07
242,00;0,00
243,00;0,04
244,00;0,04
245,00;0,07
246,00;0,07
247,00;0,15
248,00;0,11
249,00;0,11
250,00;0,15
251,00;0,15
252,00;0,15
253,00;0,07
254,00;0,07
255,00;0,04
256,00;0,00
257,00;0,00
258,00;0,07
259,00;0,04
260,00;0,11
261,00;0,11
262,00;0,11
263,00;0,11
264,00;0,07
265,00;0,11
266,00;0,07
267,00;0,04
268,00;0,00
269,00;-0,04
270,00;0,00
271,00;0,07
272,00;0,07
273,00;0,11
274,00;0,07
275,00;0,15
276,00;0,15
277,00;0,11
278,00;0,11
279,00;0,07
280,00;0,07
281,00;-0,04
282,00;0,00
283,00;0,00
284,00;0,04
285,00;0,04
286,00;0,11
287,00;0,15
288,00;0,11
289,00;0,15
290,00;0,11
291,00;0,15
292,00;0,07
293,00;0,07
294,00;0,07
295,00;0,04
296,00;0,00
297,00;0,00
298,00;0,04
299,00;0,07
300,00;0,11
301,00;0,11
302,00;0,11
303,00;0,11
304,00;0,18
305,00;0,11
306,00;0,07
307,00;0,04
308,00;0,00
309,00;0,00
310,00;0,04
311,00;0,11
312,00;0,11
313,00;0,07
314,00;0,07
315,00;0,15
316,00;0,15
317,00;0,15
318,00;0,18
319,00;0,15
320,00;0,04
321,00;-0,04
322,00;-0,04
323,00;0,07
324,00;0,07
325,00;0,11
326,00;0,11
327,00;0,15
328,00;0,11
329,00;0,15
330,00;0,11
331,00;0,07
332,00;0,07
333,00;0,11
334,00;0,00
335,00;0,00
336,00;0,00
337,00;0,07
338,00;0,07
339,00;0,07
340,00;0,07
341,00;0,15
342,00;0,15
343,00;0,18
344,00;0,11
345,00;0,07
346,00;0,04
347,00;0,00
348,00;0,00
349,00;0,00
350,00;0,07
351,00;0,07
352,00;0,07
353,00;0,11
354,00;0,11
355,00;0,11
356,00;0,11
357,00;0,11
358,00;0,11
359,00;0,00
360,00;0,00
361,00;-0,04
362,00;0,00
363,00;0,00
364,00;0,07
365,00;0,07
366,00;0,15
367,00;0,15
368,00;0,07
369,00;0,11
370,00;0,15
371,00;0,07
372,00;0,04
373,00;-0,04
374,00;-0,04
375,00;0,00
376,00;0,07
377,00;0,07
378,00;0,11
379,00;0,11
380,00;0,11
381,00;0,15
382,00;0,15
383,00;0,07
384,00;0,07
385,00;0,11
386,00;0,07
387,00;0,00
388,00;0,04
389,00;0,04
390,00;0,11
391,00;0,15
392,00;0,11
393,00;0,11
394,00;0,15
395,00;0,22
396,00;0,15
397,00;0,07
398,00;0,07
399,00;0,04
400,00;-0,04
401,00;0,04
402,00;0,07
403,00;0,07
404,00;0,11
405,00;0,11
406,00;0,15
407,00;0,15
408,00;0,15
409,00;0,15
410,00;0,07
411,00;0,07
412,00;0,04
413,00;0,00
414,00;0,00
415,00;0,07
416,00;0,07
417,00;0,07
418,00;0,07
419,00;0,15
420,00;0,11
421,00;0,15
422,00;0,15
423,00;0,11
424,00;0,07
425,00;0,11
426,00;0,00
427,00;0,00
428,00;0,04
429,00;0,07
430,00;0,11
431,00;0,15
432,00;0,11
433,00;0,11
434,00;0,15
435,00;0,11
436,00;0,07
437,00;0,07
438,00;0,07
439,00;0,04
440,00;0,00
441,00;-0,04
442,00;0,07
443,00;0,07
444,00;0,11
445,00;0,07
446,00;0,07
447,00;0,11
448,00;0,15
449,00;0,04
450,00;0,07
451,00;0,00
452,00;0,00
453,00;0,00
454,00;0,00
455,00;0,07
456,00;0,07
457,00;0,11
458,00;0,11
459,00;0,11
460,00;0,11
461,00;0,15
462,00;0,15
463,00;0,04
464,00;0,04
465,00;0,04
466,00;-0,04
467,00;0,00
468,00;0,11
469,00;0,15
470,00;0,11
471,00;0,11
472,00;0,07
473,00;0,15
474,00;0,15
475,00;0,11
476,00;0,07
477,00;0,04
478,00;0,04
479,00;-0,07
480,00;0,00
481,00;0,04
482,00;0,07
483,00;0,11
484,00;0,11
485,00;0,11
486,00;0,22
487,00;0,15
488,00;0,15
489,00;0,11
490,00;0,07
491,00;0,04
492,00;0,00
493,00;0,04
494,00;0,04
495,00;0,15
496,00;0,11
497,00;0,11
498,00;0,15
499,00;0,15
500,00;0,15
501,00;0,11
502,00;0,11
503,00;0,11
504,00;0,04
505,00;0,00
506,00;0,00
507,00;0,07
508,00;0,11
509,00;0,11
510,00;0,11
511,00;0,18
512,00;0,07
513,00;0,15
514,00;0,15
515,00;0,11
516,00;0,07
517,00;0,07
518,00;0,04
519,00;0,07
520,00;0,07
521,00;0,07
522,00;0,15
523,00;0,15
524,00;0,15
525,00;0,18
526,00;0,15
527,00;0,15
528,00;0,11
529,00;0,07
530,00;0,07
531,00;0,07
532,00;0,04
533,00;0,07
534,00;0,11
535,00;0,11
536,00;0,15
537,00;0,11
538,00;0,15
539,00;0,15
540,00;0,07
541,00;0,07
542,00;0,07
543,00;0,00
544,00;0,00
545,00;0,07
546,00;0,00
547,00;0,11
548,00;0,11
549,00;0,11
550,00;0,15
551,00;0,15
552,00;0,18
553,00;0,18
554,00;0,15
555,00;0,07
556,00;0,04
557,00;0,00
558,00;0,04
559,00;0,04
560,00;0,04
561,00;0,04
562,00;0,15
563,00;0,15
564,00;0,15
565,00;0,15
566,00;0,15
567,00;0,15
568,00;0,11
569,00;0,04
570,00;0,04
571,00;0,00
572,00;0,07
573,00;0,07
574,00;0,15
575,00;0,15
576,00;0,11
577,00;0,11
578,00;0,15
579,00;0,15
580,00;0,11
581,00;0,11
582,00;0,07
583,00;-0,04
584,00;0,00
585,00;0,04
586,00;0,07
587,00;0,15
588,00;0,15
589,00;0,15
590,00;0,15
591,00;0,11
592,00;0,11
593,00;0,11
594,00;0,07
595,00;0,07
596,00;0,04
597,00;0,04
598,00;0,04
599,00;0,04
600,00;0,11
601,00;0,11
602,00;0,07
603,00;0,15
604,00;0,15
605,00;0,15
606,00;0,11
607,00;0,07
608,00;0,07
609,00;0,00
610,00;-0,04
611,00;0,07
612,00;0,07
613,00;0,07
614,00;0,11
615,00;0,07
616,00;0,11
617,00;0,15
618,00;0,11
619,00;0,15
620,00;0,07
621,00;0,04
622,00;0,00
623,00;-0,04
624,00;0,04
625,00;0,07
626,00;0,07
627,00;0,07
628,00;0,11
629,00;0,11
630,00;0,11
631,00;0,22
632,00;0,15
633,00;0,07
634,00;0,04
635,00;0,04
636,00;0,04
637,00;0,00
638,00;0,04
639,00;0,07
640,00;0,11
641,00;0,15
642,00;0,11
643,00;0,11
644,00;0,15
645,00;0,15
646,00;0,11
647,00;0,07
648,00;0,00
649,00;-0,04
650,00;0,00
651,00;0,07
652,00;0,04
653,00;0,11
654,00;0,15
655,00;0,15
656,00;0,11
657,00;0,11
658,00;0,15
659,00;0,07
660,00;0,11
661,00;0,04
662,00;0,00
663,00;0,00
664,00;0,07
665,00;0,04
666,00;0,11
667,00;0,11
668,00;0,15
669,00;0,15
670,00;0,11
671,00;0,15
672,00;0,11
673,00;0,15
674,00;0,07
675,00;0,07
676,00;0,00
677,00;0,07
678,00;0,15
679,00;0,15
680,00;0,11
681,00;0,15
682,00;0,15
683,00;0,15
684,00;0,15
685,00;0,15
686,00;0,04
687,00;0,07
688,00;0,04
689,00;0,04
690,00;0,07
691,00;0,07
692,00;0,18
693,00;0,11
694,00;0,11
695,00;0,15
696,00;0,18
697,00;0,15
698,00;0,15
699,00;0,15
700,00;0,07
701,00;0,00
702,00;0,11
703,00;0,07
704,00;0,11
705,00;0,11
706,00;0,15
707,00;0,18
708,00;0,18
709,00;0,18
710,00;0,15
711,00;0,15
712,00;0,07
713,00;0,07
714,00;0,04
715,00;0,07
716,00;0,04
717,00;0,04
718,00;0,07
719,00;0,18
720,00;0,11
721,00;0,15
722,00;0,15
723,00;0,15
724,00;0,15
725,00;0,11
726,00;0,07
727,00;0,11
728,00;0,04
729,00;0,04
730,00;0,11
731,00;0,11
732,00;0,15
733,00;0,11
734,00;0,15
735,00;0,18
736,00;0,18
737,00;0,15
738,00;0,11
739,00;0,11
740,00;0,04
741,00;0,00
742,00;0,04
743,00;0,04
744,00;0,15
745,00;0,11
746,00;0,07
747,00;0,11
748,00;0,11
749,00;0,18
750,00;0,22
751,00;0,11
752,00;0,11
753,00;0,07
754,00;0,07
755,00;0,07
756,00;0,07
757,00;0,07
758,00;0,15
759,00;0,18
760,00;0,15
761,00;0,18
762,00;0,18
763,00;0,15
764,00;0,15
765,00;0,11
766,00;0,07
767,00;0,07
768,00;0,04
769,00;0,11
770,00;0,11
771,00;0,11
772,00;0,15
773,00;0,15
774,00;0,18
775,00;0,22
776,00;0,18
777,00;0,18
778,00;0,15
779,00;0,07
780,00;0,07
781,00;0,11
782,00;0,11
783,00;0,11
784,00;0,15
785,00;0,15
786,00;0,18
787,00;0,15
788,00;0,22
789,00;0,18
790,00;0,15
791,00;0,15
792,00;0,04
793,00;0,07
794,00;0,07
795,00;0,07
796,00;0,07
797,00;0,15
798,00;0,15
799,00;0,18
800,00;0,18
801,00;0,15
802,00;0,18
803,00;0,18
804,00;0,04
805,00;0,04
806,00;0,00
807,00;0,00
808,00;0,11
809,00;0,04
810,00;0,07
811,00;0,11
812,00;0,15
813,00;0,15
814,00;0,15
815,00;0,15
816,00;0,15
817,00;0,11
818,00;0,04
819,00;0,00
820,00;0,04
821,00;0,00
822,00;0,11
823,00;0,11
824,00;0,11
825,00;0,15
826,00;0,15
827,00;0,15
828,00;0,11
829,00;0,11
830,00;0,07
831,00;0,11
832,00;0,00
833,00;0,04
834,00;0,00
835,00;0,04
836,00;0,07
837,00;0,11
838,00;0,15
839,00;0,11
840,00;0,11
841,00;0,15
842,00;0,07
843,00;0,04
844,00;0,04
845,00;0,00
846,00;0,04
847,00;0,04
848,00;0,04
849,00;0,07
850,00;0,11
851,00;0,07
852,00;0,11
853,00;0,07
854,00;0,07
855,00;0,11
856,00;0,07
857,00;0,04
858,00;0,00
859,00;-0,04
860,00;-0,04
861,00;0,04
862,00;0,04
863,00;0,07
864,00;0,15
865,00;0,07
866,00;0,15
867,00;0,15
868,00;0,07
869,00;0,07
870,00;0,04
871,00;0,07
872,00;-0,04
873,00;-0,07
874,00;0,00
875,00;0,00
876,00;0,11
877,00;0,07
878,00;0,11
879,00;0,11
880,00;0,18
881,00;0,11
882,00;0,07
883,00;0,07
884,00;0,04
885,00;0,00
886,00;-0,04
887,00;0,04
888,00;0,04
889,00;0,07
890,00;0,11
891,00;0,11
892,00;0,07
893,00;0,15
894,00;0,15
895,00;0,07
896,00;0,07
897,00;0,04
898,00;0,00
899,00;-0,07
900,00;0,04
901,00;0,04
902,00;0,11
903,00;0,11
904,00;0,15
905,00;0,11
906,00;0,11
907,00;0,15
908,00;0,07
909,00;0,07
910,00;0,11
911,00;0,00
912,00;0,00
913,00;0,00
914,00;0,00
915,00;0,07
916,00;0,11
917,00;0,07
918,00;0,22
919,00;0,18
920,00;0,11
921,00;0,07
922,00;0,07
923,00;0,04
924,00;0,04
925,00;0,00
926,00;-0,04
927,00;0,04
928,00;0,07
929,00;0,07
930,00;0,07
931,00;0,11
932,00;0,11
933,00;0,15
934,00;0,11
935,00;0,11
936,00;0,04
937,00;0,00
938,00;0,00
939,00;-0,04
940,00;0,11
941,00;0,15
942,00;0,15
943,00;0,18
944,00;0,11
945,00;0,11
946,00;0,11
947,00;0,11
948,00;0,11
949,00;0,07
950,00;-0,04
951,00;0,00
952,00;0,00
953,00;0,04
954,00;0,04
955,00;0,15
956,00;0,11
957,00;0,15
958,00;0,11
959,00;0,07
960,00;0,11
961,00;0,07
962,00;0,00
963,00;0,00
964,00;-0,04
965,00;0,00
966,00;0,11
967,00;0,11
968,00;0,11
969,00;0,15
970,00;0,07
971,00;0,11
972,00;0,15
973,00;0,15
974,00;0,07
975,00;0,04
976,00;0,00
977,00;0,00
978,00;0,00
979,00;-0,04
980,00;0,07
981,00;0,07
982,00;0,07
983,00;0,11
984,00;0,11
985,00;0,15
986,00;0,07
987,00;0,07
988,00;0,07
989,00;0,00
990,00;0,00
991,00;0,00
992,00;0,07
993,00;0,04
994,00;0,07
995,00;0,11
996,00;0,15
997,00;0,15
998,00;0,15
999,00;0,07
1000,00;0,07
1001,00;0,07
1002,00;0,04
1003,00;0,04
1004,00;0,00
1005,00;0,07
1006,00;0,11
1007,00;0,11
1008,00;0,11
1009,00;0,11
1010,00;0,07
1011,00;0,11
1012,00;0,11
1013,00;0,07
1014,00;0,07
1015,00;0,04
1016,00;0,00
1017,00;0,00
1018,00;0,07
1019,00;0,07
1020,00;0,07
1021,00;0,11
1022,00;0,11
1023,00;0,11
1024,00;0,15
1025,00;0,11
1026,00;0,11
1027,00;0,11
1028,00;0,07
1029,00;0,04
1030,00;0,00
1031,00;0,07
1032,00;0,07
1033,00;0,11
1034,00;0,11
1035,00;0,18
1036,00;0,15
1037,00;0,15
1038,00;0,18
1039,00;0,18
1040,00;0,11
1041,00;0,07
1042,00;0,07
1043,00;0,07
1044,00;0,07
1045,00;0,07
1046,00;0,11
1047,00;0,15
1048,00;0,15
1049,00;0,15
1050,00;0,18
1051,00;0,15
1052,00;0,11
1053,00;0,11
1054,00;0,11
1055,00;0,04
1056,00;0,07
1057,00;0,07
1058,00;0,15
1059,00;0,11
1060,00;0,15
1061,00;0,15
1062,00;0,22
1063,00;0,22
1064,00;0,18
1065,00;0,15
1066,00;0,15
1067,00;0,07
1068,00;0,04
1069,00;0,07
1070,00;0,04
1071,00;0,07
1072,00;0,15
1073,00;0,15
1074,00;0,15
1075,00;0,18
1076,00;0,18
1077,00;0,15
1078,00;0,18
1079,00;0,11
1080,00;0,04
1081,00;0,04
1082,00;0,00
1083,00;0,04
1084,00;0,04
1085,00;0,07
1086,00;0,15
1087,00;0,18
1088,00;0,07
1089,00;0,15
1090,00;0,22
1091,00;0,15
1092,00;0,15
1093,00;0,07
1094,00;0,00
1095,00;0,00
1096,00;0,07
1097,00;0,04
1098,00;0,15
1099,00;0,11
1100,00;0,15
1101,00;0,15
1102,00;0,11
1103,00;0,15
1104,00;0,15
1105,00;0,18
1106,00;0,07
1107,00;0,07
1108,00;0,04
1109,00;0,04
1110,00;0,15
1111,00;0,15
1112,00;0,15
1113,00;0,15
1114,00;0,11
1115,00;0,15
1116,00;0,22
1117,00;0,15
1118,00;0,15
1119,00;0,11
1120,00;0,07
1121,00;0,07
1122,00;0,07
1123,00;0,11
1124,00;0,15
1125,00;0,22
1126,00;0,22
1127,00;0,18
1128,00;0,22
1129,00;0,22
1130,00;0,18
1131,00;0,22
1132,00;0,15
1133,00;0,07
1134,00;0,15
1135,00;0,04
1136,00;0,04
1137,00;0,15
1138,00;0,22
1139,00;0,22
1140,00;0,22
1141,00;0,18
1142,00;0,29
1143,00;0,18
1144,00;0,18
1145,00;0,18
1146,00;0,11
1147,00;0,11
1148,00;0,11
1149,00;0,07
1150,00;0,07
1151,00;0,22
1152,00;0,18
1153,00;0,18
1154,00;0,18
1155,00;0,26
1156,00;0,18
1157,00;0,11
1158,00;0,22
1159,00;0,11
1160,00;0,07
1161,00;0,07
1162,00;0,07
1163,00;0,11
1164,00;0,15
1165,00;0,11
1166,00;0,15
1167,00;0,15
1168,00;0,22
1169,00;0,15
1170,00;0,07
1171,00;0,07
1172,00;0,07
1173,00;0,04
1174,00;0,00
1175,00;-0,04
1176,00;0,11
1177,00;0,15
1178,00;0,07
1179,00;0,15
1180,00;0,15
1181,00;0,15
1182,00;0,15
1183,00;0,11
1184,00;0,07
1185,00;0,07
1186,00;0,04
1187,00;-0,04
1188,00;0,00
1189,00;0,04
1190,00;0,07
1191,00;0,11
1192,00;0,07
1193,00;0,15
1194,00;0,15
1195,00;0,15
1196,00;0,15
1197,00;0,15
1198,00;0,07
1199,00;0,00
1200,00;0,00
1201,00;0,04
1202,00;0,04
1203,00;0,07
1204,00;0,11
1205,00;0,07
1206,00;0,15
1207,00;0,15
1208,00;0,11
1209,00;0,11
1210,00;0,11
1211,00;0,00
1212,00;0,00
1213,00;0,00
1214,00;0,07
1215,00;0,04
1216,00;0,07
1217,00;0,07
1218,00;0,15
1219,00;0,07
1220,00;0,11
1221,00;0,11
1222,00;0,11
1223,00;0,15
1224,00;0,00
1225,00;-0,04
1226,00;0,00
1227,00;0,04
1228,00;0,04
1229,00;0,07
1230,00;0,22
1231,00;0,22
1232,00;0,11
1233,00;0,11
1234,00;0,07
1235,00;0,15
1236,00;0,11
1237,00;0,04
1238,00;0,00
1239,00;0,00
1240,00;0,00
1241,00;0,04
1242,00;0,11
1243,00;0,11
1244,00;0,11
1245,00;0,15
1246,00;0,15
1247,00;0,15
1248,00;0,15
1249,00;0,11
1250,00;0,04
1251,00;0,00
1252,00;0,00
1253,00;0,00
1254,00;0,04
1255,00;0,04
1256,00;0,04
1257,00;0,11
1258,00;0,07
1259,00;0,15
1260,00;0,11
1261,00;0,11
1262,00;0,07
1263,00;0,11
1264,00;0,04
1265,00;0,04
1266,00;-0,04
1267,00;0,00
1268,00;0,07
1269,00;0,11
1270,00;0,11
1271,00;0,11
1272,00;0,11
1273,00;0,11
1274,00;0,07
1275,00;0,07
1276,00;0,07
1277,00;0,04
1278,00;0,00
1279,00;0,04
1280,00;0,04
1281,00;0,07
1282,00;0,07
1283,00;0,11
1284,00;0,11
1285,00;0,11
1286,00;0,15
1287,00;0,11
1288,00;0,11
1289,00;0,07
1290,00;0,04
1291,00;0,04
1292,00;0,00
1293,00;0,00
1294,00;0,07
1295,00;0,11
1296,00;0,11
1297,00;0,15
1298,00;0,11
1299,00;0,15
1300,00;0,11
1301,00;0,11
1302,00;0,15
1303,00;0,15
1304,00;-0,04
1305,00;0,00
1306,00;0,04
1307,00;0,11
1308,00;0,11
1309,00;0,11
1310,00;0,15
1311,00;0,11
1312,00;0,18
1313,00;0,15
1314,00;0,11
1315,00;0,07
1316,00;0,11
1317,00;0,07
1318,00;0,00
1319,00;0,00
1320,00;0,07
1321,00;0,11
1322,00;0,11
1323,00;0,11
1324,00;0,11
1325,00;0,11
1326,00;0,15
1327,00;0,11
1328,00;0,07
1329,00;0,07
1330,00;0,00
1331,00;0,00
1332,00;0,04
1333,00;0,07
1334,00;0,07
1335,00;0,11
1336,00;0,11
1337,00;0,15
1338,00;0,11
1339,00;0,07
1340,00;0,11
1341,00;0,07
1342,00;0,07
1343,00;0,00
1344,00;-0,04
1345,00;-0,04
1346,00;0,07
1347,00;0,07
1348,00;0,07
1349,00;0,07
1350,00;0,15
1351,00;0,15
1352,00;0,11
1353,00;0,11
1354,00;0,07
1355,00;0,07
1356,00;0,07
1357,00;0,00
1358,00;0,00
1359,00;0,04
1360,00;0,04
1361,00;0,11
1362,00;0,07
1363,00;0,15
1364,00;0,15
1365,00;0,11
1366,00;0,15
1367,00;0,15
1368,00;0,11
1369,00;0,04
1370,00;0,00
1371,00;0,04
1372,00;0,07
1373,00;0,11
1374,00;0,18
1375,00;0,22
1376,00;0,15
1377,00;0,18
1378,00;0,22
1379,00;0,18
1380,00;0,15
1381,00;0,15
1382,00;0,11
1383,00;0,04
1384,00;0,07
1385,00;0,07
1386,00;0,15
1387,00;0,15
1388,00;0,15
1389,00;0,15
1390,00;0,18
1391,00;0,22
1392,00;0,15
1393,00;0,15
1394,00;0,15
1395,00;0,04
1396,00;0,04
1397,00;0,07
1398,00;0,11
1399,00;0,11
1400,00;0,11
1401,00;0,15
1402,00;0,15
1403,00;0,18
1404,00;0,15
1405,00;0,18
1406,00;0,11
1407,00;0,07
1408,00;0,11
1409,00;0,00
1410,00;0,00
1411,00;0,04
1412,00;0,07
1413,00;0,15
1414,00;0,11
1415,00;0,15
1416,00;0,15
1417,00;0,18
1418,00;0,15
1419,00;0,15
1420,00;0,15
1421,00;0,07
1422,00;0,11
1423,00;0,07
1424,00;0,04
1425,00;0,07
1426,00;0,07
1427,00;0,11
1428,00;0,11
1429,00;0,15
1430,00;0,15
1431,00;0,15
1432,00;0,22
1433,00;0,15
1434,00;0,11
1435,00;0,04
1436,00;0,04
1437,00;0,04
1438,00;0,11
1439,00;0,15
1440,00;0,11
1441,00;0,15
1442,00;0,15
1443,00;0,15
1444,00;0,18
1445,00;0,15
1446,00;0,18
1447,00;0,11
1448,00;0,07
1449,00;0,07
1450,00;0,07
1451,00;0,11
1452,00;0,07
1453,00;0,11
1454,00;0,18
1455,00;0,11
1456,00;0,18
1457,00;0,18
1458,00;0,15
1459,00;0,11
1460,00;0,11
1461,00;0,11
1462,00;0,07
1463,00;0,07
1464,00;0,15
1465,00;0,18
1466,00;0,18
1467,00;0,22
1468,00;0,22
1469,00;0,22
1470,00;0,29
1471,00;0,22
1472,00;0,18
1473,00;0,15
1474,00;0,15
1475,00;0,15
1476,00;0,15
1477,00;0,15
1478,00;0,18
1479,00;0,18
1480,00;0,22
1481,00;0,22
1482,00;0,22
1483,00;0,22
1484,00;0,18
1485,00;0,22
1486,00;0,15
1487,00;0,15
1488,00;0,15
1489,00;0,11
1490,00;0,15
1491,00;0,22
1492,00;0,22
1493,00;0,22
1494,00;0,22
1495,00;0,29
1496,00;0,26
1497,00;0,22
1498,00;0,18
1499,00;0,15
1500,00;0,11
1501,00;0,11
1502,00;0,11
1503,00;0,15
1504,00;0,15
1505,00;0,22
1506,00;0,22
1507,00;0,22
1508,00;0,26
1509,00;0,22
1510,00;0,26
1511,00;0,22
1512,00;0,11
1513,00;0,15
1514,00;0,07
1515,00;0,07
1516,00;0,11
1517,00;0,07
1518,00;0,18
1519,00;0,18
1520,00;0,11
1521,00;0,11
1522,00;0,15
1523,00;0,18
1524,00;0,15
1525,00;0,07
1526,00;0,07
1527,00;-0,04
1528,00;0,00
1529,00;0,04
1530,00;0,07
1531,00;0,11
1532,00;0,11
1533,00;0,15
1534,00;0,11
1535,00;0,11
1536,00;0,11
1537,00;0,15
1538,00;0,11
1539,00;0,11
1540,00;-0,04
1541,00;0,00
1542,00;0,11
1543,00;0,11
1544,00;0,07
1545,00;0,11
1546,00;0,15
1547,00;0,15
1548,00;0,11
1549,00;0,15
1550,00;0,15
1551,00;0,11
1552,00;0,04
1553,00;0,00
1554,00;0,00
1555,00;0,00
1556,00;0,07
1557,00;0,04
1558,00;0,11
1559,00;0,11
1560,00;0,11
1561,00;0,15
1562,00;0,11
1563,00;0,07
1564,00;0,04
1565,00;0,04
1566,00;0,04
1567,00;0,04
1568,00;0,04
1569,00;0,04
1570,00;0,07
1571,00;0,11
1572,00;0,15
1573,00;0,11
1574,00;0,11
1575,00;0,11
1576,00;0,15
1577,00;0,11
1578,00;0,11
1579,00;0,04
1580,00;0,00
1581,00;-0,04
1582,00;0,04
1583,00;0,07
1584,00;0,07
1585,00;0,11
1586,00;0,07
1587,00;0,07
1588,00;0,11
1589,00;0,11
1590,00;0,07
1591,00;0,11
1592,00;0,04
1593,00;0,00
1594,00;-0,07
1595,00;0,00
1596,00;0,11
1597,00;0,11
1598,00;0,07
1599,00;0,15
1600,00;0,15
1601,00;0,11
1602,00;0,11
1603,00;0,11
1604,00;0,07
1605,00;0,00
1606,00;0,00
1607,00;0,00
1608,00;0,00
1609,00;0,07
1610,00;0,07
1611,00;0,11
1612,00;0,07
1613,00;0,11
1614,00;0,18
1615,00;0,22
1616,00;0,15
1617,00;0,04
1618,00;0,04
1619,00;0,04
1620,00;-0,04
1621,00;-0,04
1622,00;0,07
1623,00;0,07
1624,00;0,11
1625,00;0,11
1626,00;0,15
1627,00;0,15
1628,00;0,15
1629,00;0,18
1630,00;0,15
1631,00;0,11
1632,00;0,07
1633,00;0,07
1634,00;0,07
1635,00;0,11
1636,00;0,11
1637,00;0,18
1638,00;0,18
1639,00;0,22
1640,00;0,22
1641,00;0,15
1642,00;0,15
1643,00;0,15
1644,00;0,07
1645,00;0,04
1646,00;0,11
1647,00;0,07
1648,00;0,07
1649,00;0,15
1650,00;0,15
1651,00;0,18
1652,00;0,22
1653,00;0,18
1654,00;0,18
1655,00;0,18
1656,00;0,11
1657,00;0,04
1658,00;0,04
1659,00;0,04
1660,00;0,04
1661,00;0,11
1662,00;0,22
1663,00;0,22
1664,00;0,22
1665,00;0,18
1666,00;0,22
1667,00;0,11
1668,00;0,11
1669,00;0,11
1670,00;0,11
1671,00;0,00
1672,00;0,04
1673,00;0,00
1674,00;0,00
1675,00;0,11
1676,00;0,15
1677,00;0,11
1678,00;0,18
1679,00;0,18
1680,00;0,15
1681,00;0,11
1682,00;0,11
1683,00;0,07
1684,00;0,04
1685,00;0,07
1686,00;0,07
1687,00;0,04
1688,00;0,11
1689,00;0,11
1690,00;0,07
1691,00;0,07
1692,00;0,15
1693,00;0,11
1694,00;0,15
1695,00;0,11
1696,00;0,11
1697,00;0,07
1698,00;0,00
1699,00;0,00
1700,00;0,04
1701,00;0,07
1702,00;0,15
1703,00;0,15
1704,00;0,11
1705,00;0,11
1706,00;0,15
1707,00;0,15
1708,00;0,11
1709,00;0,04
1710,00;0,11
1711,00;0,04
1712,00;-0,04
1713,00;0,07
1714,00;0,11
1715,00;0,11
1716,00;0,11
1717,00;0,18
1718,00;0,11
1719,00;0,15
1720,00;0,15
1721,00;0,07
1722,00;0,11
1723,00;0,04
1724,00;0,04
1725,00;0,00
1726,00;0,11
1727,00;0,11
1728,00;0,11
1729,00;0,11
1730,00;0,11
1731,00;0,07
1732,00;0,15
1733,00;0,11
1734,00;0,22
1735,00;0,11
1736,00;0,07
1737,00;0,00
1738,00;0,00
1739,00;0,07
1740,00;0,07
1741,00;0,11
1742,00;0,15
1743,00;0,11
1744,00;0,18
1745,00;0,15
1746,00;0,18
1747,00;0,11
1748,00;0,15
1749,00;0,11
1750,00;0,04
1751,00;0,04
1752,00;0,07
1753,00;0,15
1754,00;0,15
1755,00;0,18
1756,00;0,15
1757,00;0,15
1758,00;0,18
1759,00;0,29
1760,00;0,15
1761,00;0,15
1762,00;0,07
1763,00;0,04
1764,00;0,04
1765,00;0,04
1766,00;0,11
1767,00;0,11
1768,00;0,11
1769,00;0,15
1770,00;0,15
1771,00;0,18
1772,00;0,18
1773,00;0,15
1774,00;0,15
1775,00;0,07
1776,00;0,07
1777,00;0,04
1778,00;0,11
1779,00;0,04
1780,00;0,15
1781,00;0,18
1782,00;0,26
1783,00;0,29
1784,00;0,33
1785,00;0,29
1786,00;0,29
1787,00;0,26
1788,00;0,26
1789,00;0,15
1790,00;0,11
1791,00;0,11
1792,00;0,15
1793,00;0,15
1794,00;0,15
1795,00;0,15
1796,00;0,11
1797,00;0,15
1798,00;0,22
1799,00;0,22
1800,00;0,22
1801,00;0,22
1802,00;0,22
1803,00;0,18
1804,00;0,18
1805,00;0,18
1806,00;0,36
1807,00;0,33
1808,00;0,36
1809,00;0,33
1810,00;0,36
1811,00;0,44
1812,00;0,33
1813,00;0,29
1814,00;0,26
1815,00;0,26
1816,00;0,22
1817,00;0,29
1818,00;0,22
1819,00;0,26
1820,00;0,29
1821,00;0,36
1822,00;0,33
1823,00;0,33
1824,00;0,26
1825,00;0,26
1826,00;0,22
1827,00;0,26
1828,00;0,15
1829,00;0,15
1830,00;0,15
1831,00;0,18
1832,00;0,18
1833,00;0,22
1834,00;0,22
1835,00;0,22
1836,00;0,22
1837,00;0,29
1838,00;0,26
1839,00;0,26
1840,00;0,26
1841,00;0,22
1842,00;0,22
1843,00;0,22
1844,00;0,18
1845,00;0,29
1846,00;0,29
1847,00;0,26
1848,00;0,29
1849,00;0,26
1850,00;0,33
1851,00;0,22
1852,00;0,26
1853,00;0,22
1854,00;0,22
1855,00;0,15
1856,00;0,15
1857,00;0,11
1858,00;0,15
1859,00;0,18
1860,00;0,18
1861,00;0,18
1862,00;0,15
1863,00;0,18
1864,00;0,22
1865,00;0,11
1866,00;0,07
1867,00;0,04
1868,00;0,04
1869,00;-0,04
1870,00;0,04
1871,00;0,11
1872,00;0,04
1873,00;0,07
1874,00;0,15
1875,00;0,15
1876,00;0,15
1877,00;0,07
1878,00;0,11
1879,00;0,11
1880,00;0,04
1881,00;0,00
1882,00;0,00
1883,00;0,00
1884,00;0,04
1885,00;0,07
1886,00;0,11
1887,00;0,15
1888,00;0,15
1889,00;0,15
1890,00;0,15
1891,00;0,18
1892,00;0,11
1893,00;0,04
1894,00;0,04
1895,00;0,00
1896,00;0,07
1897,00;0,07
1898,00;0,11
1899,00;0,07
1900,00;0,15
1901,00;0,15
1902,00;0,15
1903,00;0,11
1904,00;0,15
1905,00;0,15
1906,00;0,07
1907,00;0,04
1908,00;0,00
1909,00;0,04
1910,00;0,07
1911,00;0,07
1912,00;0,11
1913,00;0,11
1914,00;0,11
1915,00;0,11
1916,00;0,15
1917,00;0,11
1918,00;0,07
1919,00;0,04
1920,00;0,04
1921,00;-0,04
1922,00;-0,04
1923,00;0,04
1924,00;0,11
1925,00;0,11
1926,00;0,18
1927,00;0,15
1928,00;0,11
1929,00;0,11
1930,00;0,15
1931,00;0,15
1932,00;0,07
1933,00;0,04
1934,00;0,00
1935,00;0,00
1936,00;0,04
1937,00;0,15
1938,00;0,11
1939,00;0,11
1940,00;0,15
1941,00;0,11
1942,00;0,15
1943,00;0,15
1944,00;0,07
1945,00;0,07
1946,00;0,04
1947,00;0,00
1948,00;0,04
1949,00;0,04
1950,00;0,04
1951,00;0,18
1952,00;0,15
1953,00;0,07
1954,00;0,15
1955,00;0,22
1956,00;0,15
1957,00;0,07
1958,00;0,15
1959,00;0,11
1960,00;0,11
1961,00;0,07
1962,00;0,04
1963,00;0,07
1964,00;0,07
1965,00;0,22
1966,00;0,15
1967,00;0,15
1968,00;0,22
1969,00;0,11
1970,00;0,11
1971,00;0,15
1972,00;0,11
1973,00;0,04
1974,00;0,11
1975,00;0,07
1976,00;0,11
1977,00;0,22
1978,00;0,11
1979,00;0,18
1980,00;0,18
1981,00;0,18
1982,00;0,18
1983,00;0,15
1984,00;0,15
1985,00;0,11
1986,00;0,04
1987,00;0,07
1988,00;0,11
1989,00;0,11
1990,00;0,15
1991,00;0,15
1992,00;0,15
1993,00;0,15
1994,00;0,22
1995,00;0,22
1996,00;0,15
1997,00;0,11
1998,00;0,15
1999,00;0,07
2000,00;0,04
2001,00;0,04
2002,00;0,15
2003,00;0,15
2004,00;0,18
2005,00;0,18
2006,00;0,15
2007,00;0,15
2008,00;0,22
2009,00;0,15
2010,00;0,15
2011,00;0,07
2012,00;0,07
2013,00;0,11
2014,00;0,07
2015,00;0,15
2016,00;0,11
2017,00;0,18
2018,00;0,18
2019,00;0,15
2020,00;0,22
2021,00;0,11
2022,00;0,22
2023,00;0,22
2024,00;0,11
2025,00;0,04
2026,00;0,04
2027,00;0,07
2028,00;0,07
2029,00;0,11
2030,00;0,11
2031,00;0,15
2032,00;0,15
2033,00;0,18
2034,00;0,18
2035,00;0,11
2036,00;0,11
2037,00;0,11
2038,00;0,07
2039,00;0,00
2040,00;0,11
2041,00;0,11
2042,00;0,11
2043,00;0,18
2044,00;0,18
2045,00;0,18
2046,00;0,22
2047,00;0,18
2048,00;0,22
2049,00;0,15
2050,00;0,04
2051,00;0,07
2052,00;0,07
2053,00;0,07
2054,00;0,07
2055,00;0,07
2056,00;0,15
2057,00;0,15
2058,00;0,11
2059,00;0,11
2060,00;0,15
2061,00;0,15
2062,00;0,07
2063,00;0,07
2064,00;0,04
2065,00;0,04
2066,00;0,00
2067,00;0,04
2068,00;0,07
2069,00;0,15
2070,00;0,18
2071,00;0,11
2072,00;0,11
2073,00;0,15
2074,00;0,11
2075,00;0,11
2076,00;0,11
2077,00;0,07
2078,00;0,04
2079,00;0,00
2080,00;0,11
2081,00;0,15
2082,00;0,15
2083,00;0,18
2084,00;0,22
2085,00;0,18
2086,00;0,18
2087,00;0,22
2088,00;0,15
2089,00;0,11
2090,00;0,11
2091,00;0,07
2092,00;0,04
2093,00;0,11
2094,00;0,22
2095,00;0,26
2096,00;0,26
2097,00;0,22
2098,00;0,26
2099,00;0,29
2100,00;0,26
2101,00;0,26
2102,00;0,18
2103,00;0,18
2104,00;0,18
2105,00;0,15
2106,00;0,15
2107,00;0,22
2108,00;0,22
2109,00;0,22
2110,00;0,22
2111,00;0,22
2112,00;0,22
2113,00;0,22
2114,00;0,22
2115,00;0,11
2116,00;0,11
2117,00;0,07
2118,00;0,11
2119,00;0,11
2120,00;0,11
2121,00;0,15
2122,00;0,15
2123,00;0,18
2124,00;0,15
2125,00;0,11
2126,00;0,22
2127,00;0,22
2128,00;0,18
2129,00;0,15
2130,00;0,15
2131,00;0,15
2132,00;0,18
2133,00;0,18
2134,00;0,18
2135,00;0,26
2136,00;0,22
2137,00;0,26
2138,00;0,33
2139,00;0,22
2140,00;0,29
2141,00;0,29
2142,00;0,29
2143,00;0,22
2144,00;0,18
2145,00;0,18
2146,00;0,18
2147,00;0,22
2148,00;0,26
2149,00;0,22
2150,00;0,29
2151,00;0,29
2152,00;0,29
2153,00;0,26
2154,00;0,18
2155,00;0,15
2156,00;0,15
2157,00;0,11
2158,00;0,15
2159,00;0,15
2160,00;0,11
2161,00;0,22
2162,00;0,15
2163,00;0,22
2164,00;0,22
2165,00;0,15
2166,00;0,22
2167,00;0,18
2168,00;0,11
2169,00;0,07
2170,00;0,04
2171,00;0,11
2172,00;0,15
2173,00;0,11
2174,00;0,15
2175,00;0,18
2176,00;0,18
2177,00;0,22
2178,00;0,22
2179,00;0,18
2180,00;0,18
2181,00;0,18
2182,00;0,07
2183,00;0,11
2184,00;0,15
2185,00;0,15
2186,00;0,15
2187,00;0,18
2188,00;0,22
2189,00;0,22
2190,00;0,33
2191,00;0,26
2192,00;0,18
2193,00;0,22
2194,00;0,22
2195,00;0,11
2196,00;0,07
2197,00;0,15
2198,00;0,15
2199,00;0,15
2200,00;0,22
2201,00;0,22
2202,00;0,22
2203,00;0,18
2204,00;0,29
2205,00;0,18
2206,00;0,15
2207,00;0,18
2208,00;0,15
2209,00;0,07
2210,00;0,11
2211,00;0,07
2212,00;0,07
2213,00;0,15
2214,00;0,29
2215,00;0,18
2216,00;0,18
2217,00;0,22
2218,00;0,22
2219,00;0,15
2220,00;0,11
2221,00;0,07
2222,00;0,04
2223,00;0,07
2224,00;0,11
2225,00;0,11
2226,00;0,18
2227,00;0,22
2228,00;0,18
2229,00;0,18
2230,00;0,22
2231,00;0,22
2232,00;0,15
2233,00;0,15
2234,00;0,07
2235,00;0,11
2236,00;0,04
2237,00;0,07
2238,00;0,15
2239,00;0,22
2240,00;0,15
2241,00;0,22
2242,00;0,22
2243,00;0,22
2244,00;0,22
2245,00;0,18
2246,00;0,15
2247,00;0,04
2248,00;0,11
2249,00;0,04
2250,00;0,04
2251,00;0,04
2252,00;0,15
2253,00;0,11
2254,00;0,15
2255,00;0,18
2256,00;0,18
2257,00;0,15
2258,00;0,11
2259,00;0,11
2260,00;0,11
2261,00;0,04
2262,00;0,00
2263,00;0,07
2264,00;0,11
2265,00;0,07
2266,00;0,11
2267,00;0,15
2268,00;0,15
2269,00;0,11
2270,00;0,11
2271,00;0,15
2272,00;0,07
2273,00;0,15
2274,00;0,04
2275,00;-0,04
2276,00;0,04
2277,00;0,07
2278,00;0,07
2279,00;0,11
2280,00;0,11
2281,00;0,18
2282,00;0,15
2283,00;0,11
2284,00;0,15
2285,00;0,11
2286,00;0,11
2287,00;0,07
2288,00;0,04
2289,00;0,00
2290,00;0,11
2291,00;0,11
2292,00;0,15
2293,00;0,18
2294,00;0,15
2295,00;0,15
2296,00;0,18
2297,00;0,11
2298,00;0,11
2299,00;0,15
2300,00;0,07
2301,00;0,00
2302,00;0,04
2303,00;0,04
2304,00;0,11
2305,00;0,11
2306,00;0,15
2307,00;0,15
2308,00;0,15
2309,00;0,11
2310,00;0,15
2311,00;0,18
2312,00;0,07
2313,00;0,07
2314,00;0,07
2315,00;0,04
2316,00;0,07
2317,00;0,07
2318,00;0,18
2319,00;0,15
2320,00;0,15
2321,00;0,15
2322,00;0,18
2323,00;0,18
2324,00;0,15
2325,00;0,15
2326,00;0,07
2327,00;0,04
2328,00;0,07
2329,00;0,11
2330,00;0,07
2331,00;0,22
2332,00;0,18
2333,00;0,18
2334,00;0,29
2335,00;0,29
2336,00;0,29
2337,00;0,22
2338,00;0,22
2339,00;0,18
2340,00;0,07
2341,00;0,15
2342,00;0,11
2343,00;0,18
2344,00;0,22
2345,00;0,18
2346,00;0,22
2347,00;0,26
2348,00;0,22
2349,00;0,22
2350,00;0,22
2351,00;0,11
2352,00;0,15
2353,00;0,07
2354,00;0,04
2355,00;0,07
2356,00;0,07
2357,00;0,11
2358,00;0,18
2359,00;0,22
2360,00;0,15
2361,00;0,18
2362,00;0,18
2363,00;0,18
2364,00;0,15
2365,00;0,11
2366,00;0,07
2367,00;-0,04
2368,00;0,04
2369,00;0,07
2370,00;0,11
2371,00;0,11
2372,00;0,15
2373,00;0,15
2374,00;0,18
2375,00;0,22
2376,00;0,18
2377,00;0,15
2378,00;0,15
2379,00;0,07
2380,00;0,07
2381,00;0,11
2382,00;0,11
2383,00;0,22
2384,00;0,22
2385,00;0,22
2386,00;0,29
2387,00;0,26
2388,00;0,29
2389,00;0,26
2390,00;0,22
2391,00;0,22
2392,00;0,18
2393,00;0,11
2394,00;0,15
2395,00;0,15
2396,00;0,15
2397,00;0,15
2398,00;0,15
2399,00;0,29
2400,00;0,22
2401,00;0,26
2402,00;0,22
2403,00;0,22
2404,00;0,15
2405,00;0,15
2406,00;0,18
2407,00;0,07
2408,00;0,07
2409,00;0,18
2410,00;0,07
2411,00;0,15
2412,00;0,22
2413,00;0,18
2414,00;0,26
2415,00;0,15
2416,00;0,11
2417,00;0,11
2418,00;0,00
2419,00;0,00
2420,00;0,04
2421,00;0,07
2422,00;0,11
2423,00;0,07
2424,00;0,11
2425,00;0,15
2426,00;0,11
2427,00;0,15
2428,00;0,11
2429,00;0,11
2430,00;0,18
2431,00;0,07
2432,00;0,04
2433,00;0,00
2434,00;0,11
2435,00;0,07
2436,00;0,15
2437,00;0,18
2438,00;0,22
2439,00;0,26
2440,00;0,26
2441,00;0,18
2442,00;0,18
2443,00;0,11
2444,00;0,11
2445,00;0,07
2446,00;0,15
2447,00;0,15
2448,00;0,15
2449,00;0,18
2450,00;0,18
2451,00;0,22
2452,00;0,29
2453,00;0,18
2454,00;0,29
2455,00;0,15
2456,00;0,15
2457,00;0,15
2458,00;0,11
2459,00;0,07
2460,00;0,11
2461,00;0,11
2462,00;0,18
2463,00;0,18
2464,00;0,22
2465,00;0,26
2466,00;0,22
2467,00;0,29
2468,00;0,18
2469,00;0,15
2470,00;0,15
2471,00;0,11
2472,00;0,11
2473,00;0,11
2474,00;0,07
2475,00;0,15
2476,00;0,18
2477,00;0,15
2478,00;0,22
2479,00;0,22
2480,00;0,18
2481,00;0,18
2482,00;0,15
2483,00;0,11
2484,00;0,15
2485,00;0,04
2486,00;0,11
2487,00;0,11
2488,00;0,07
2489,00;0,18
2490,00;0,22
2491,00;0,22
2492,00;0,26
2493,00;0,29
2494,00;0,29
2495,00;0,18
2496,00;0,15
2497,00;0,15
2498,00;0,18
2499,00;0,18
2500,00;0,22
2501,00;0,18
2502,00;0,29
2503,00;0,22
2504,00;0,26
2505,00;0,26
2506,00;0,26
2507,00;0,29
2508,00;0,29
2509,00;0,33
2510,00;0,18
2511,00;0,18
2512,00;0,26
2513,00;0,18
2514,00;0,22
2515,00;0,29
2516,00;0,26
2517,00;0,29
2518,00;0,26
2519,00;0,29
2520,00;0,29
2521,00;0,26
2522,00;0,22
2523,00;0,18
2524,00;0,11
2525,00;0,07
2526,00;0,15
2527,00;0,15
2528,00;0,18
2529,00;0,18
2530,00;0,26
2531,00;0,26
2532,00;0,26
2533,00;0,18
2534,00;0,18
2535,00;0,22
2536,00;0,15
2537,00;0,11
2538,00;0,11
2539,00;0,11
2540,00;0,18
2541,00;0,18
2542,00;0,22
2543,00;0,26
2544,00;0,26
2545,00;0,22
2546,00;0,26
2547,00;0,29
2548,00;0,22
2549,00;0,18
2550,00;0,22
2551,00;0,18
2552,00;0,18
2553,00;0,22
2554,00;0,29
2555,00;0,26
2556,00;0,29
2557,00;0,26
2558,00;0,33
2559,00;0,33
2560,00;0,29
2561,00;0,22
2562,00;0,22
2563,00;0,15
2564,00;0,15
2565,00;0,22
2566,00;0,18
2567,00;0,26
2568,00;0,22
2569,00;0,29
2570,00;0,22
2571,00;0,18
2572,00;0,18
2573,00;0,22
2574,00;0,22
2575,00;0,15
2576,00;0,11
2577,00;0,07
2578,00;0,07
2579,00;0,15
2580,00;0,15
2581,00;0,18
2582,00;0,18
2583,00;0,18
2584,00;0,22
2585,00;0,22
2586,00;0,15
2587,00;0,18
2588,00;0,11
2589,00;0,11
2590,00;0,11
2591,00;0,15
2592,00;0,11
2593,00;0,15
2594,00;0,18
2595,00;0,15
2596,00;0,15
2597,00;0,18
2598,00;0,22
2599,00;0,15
2600,00;0,07
2601,00;0,07
2602,00;0,07
2603,00;0,00
2604,00;0,07
2605,00;0,11
2606,00;0,11
2607,00;0,11
2608,00;0,11
2609,00;0,11
2610,00;0,15
2611,00;0,15
2612,00;0,15
2613,00;0,11
2614,00;0,07
2615,00;0,07
2616,00;0,00
2617,00;0,00
2618,00;0,07
2619,00;0,07
2620,00;0,11
2621,00;0,15
2622,00;0,15
2623,00;0,18
2624,00;0,15
2625,00;0,15
2626,00;0,15
2627,00;0,11
2628,00;0,04
2629,00;0,00
2630,00;0,00
2631,00;0,04
2632,00;0,07
2633,00;0,15
2634,00;0,15
2635,00;0,11
2636,00;0,11
2637,00;0,18
2638,00;0,15
2639,00;0,15
2640,00;0,11
2641,00;0,07
2642,00;0,07
2643,00;0,04
2644,00;0,07
2645,00;0,15
2646,00;0,22
2647,00;0,22
2648,00;0,18
2649,00;0,15
2650,00;0,22
2651,00;0,18
2652,00;0,15
2653,00;0,11
2654,00;0,07
2655,00;0,04
2656,00;0,04
2657,00;0,04
2658,00;0,07
2659,00;0,15
2660,00;0,15
2661,00;0,15
2662,00;0,11
2663,00;0,22
2664,00;0,15
2665,00;0,15
2666,00;0,15
2667,00;0,07
2668,00;0,07
2669,00;0,04
2670,00;0,04
2671,00;0,22
2672,00;0,22
2673,00;0,26
2674,00;0,26
2675,00;0,36
2676,00;0,26
2677,00;0,26
2678,00;0,29
2679,00;0,22
2680,00;0,18
2681,00;0,18
2682,00;0,18
2683,00;0,18
2684,00;0,22
2685,00;0,29
2686,00;0,22
2687,00;0,29
2688,00;0,33
2689,00;0,33
2690,00;0,26
2691,00;0,29
2692,00;0,18
2693,00;0,22
2694,00;0,15
2695,00;0,15
2696,00;0,15
2697,00;0,15
2698,00;0,15
2699,00;0,22
2700,00;0,22
2701,00;0,18
2702,00;0,22
2703,00;0,26
2704,00;0,18
2705,00;0,15
2706,00;0,15
2707,00;0,07
2708,00;0,11
2709,00;0,07
2710,00;0,07
2711,00;0,18
2712,00;0,15
2713,00;0,22
2714,00;0,22
2715,00;0,22
2716,00;0,22
2717,00;0,11
2718,00;0,18
2719,00;0,15
2720,00;0,07
2721,00;0,00
2722,00;0,00
2723,00;0,04
2724,00;0,11
2725,00;0,15
2726,00;0,15
2727,00;0,15
2728,00;0,11
2729,00;0,15
2730,00;0,11
2731,00;0,11
2732,00;0,07
2733,00;0,00
2734,00;0,04
2735,00;0,04
2736,00;0,07
2737,00;0,07
2738,00;0,15
2739,00;0,11
2740,00;0,18
2741,00;0,15
2742,00;0,22
2743,00;0,18
2744,00;0,11
2745,00;0,15
2746,00;0,15
2747,00;0,07
2748,00;0,07
2749,00;0,11
2750,00;0,15
2751,00;0,15
2752,00;0,22
2753,00;0,22
2754,00;0,22
2755,00;0,33
2756,00;0,22
2757,00;0,18
2758,00;0,18
2759,00;0,22
2760,00;0,11
2761,00;0,15
2762,00;0,15
2763,00;0,22
2764,00;0,18
2765,00;0,22
2766,00;0,22
2767,00;0,26
2768,00;0,26
2769,00;0,26
2770,00;0,22
2771,00;0,15
2772,00;0,15
2773,00;0,11
2774,00;0,07
2775,00;0,15
2776,00;0,15
2777,00;0,18
2778,00;0,22
2779,00;0,18
2780,00;0,22
2781,00;0,29
2782,00;0,29
2783,00;0,22
2784,00;0,18
2785,00;0,18
2786,00;0,15
2787,00;0,18
2788,00;0,11
2789,00;0,29
2790,00;0,29
2791,00;0,26
2792,00;0,33
2793,00;0,29
2794,00;0,33
2795,00;0,29
2796,00;0,33
2797,00;0,26
2798,00;0,22
2799,00;0,22
2800,00;0,29
2801,00;0,18
2802,00;0,26
2803,00;0,29
2804,00;0,29
2805,00;0,33
2806,00;0,36
2807,00;0,36
2808,00;0,36
2809,00;0,36
2810,00;0,29
2811,00;0,26
2812,00;0,22
2813,00;0,22
2814,00;0,29
2815,00;0,29
2816,00;0,40
2817,00;0,40
2818,00;0,40
2819,00;0,36
2820,00;0,40
2821,00;0,29
2822,00;0,36
2823,00;0,36
2824,00;0,26
2825,00;0,29
2826,00;0,29
2827,00;0,18
2828,00;0,29
2829,00;0,29
2830,00;0,33
2831,00;0,33
2832,00;0,29
2833,00;0,36
2834,00;0,29
2835,00;0,29
2836,00;0,22
2837,00;0,26
2838,00;0,29
2839,00;0,18
2840,00;0,22
2841,00;0,22
2842,00;0,29
2843,00;0,26
2844,00;0,22
2845,00;0,36
2846,00;0,29
2847,00;0,29
2848,00;0,29
2849,00;0,33
2850,00;0,22
2851,00;0,22
2852,00;0,22
2853,00;0,22
2854,00;0,33
2855,00;0,33
2856,00;0,40
2857,00;0,44
2858,00;0,40
2859,00;0,44
2860,00;0,51
2861,00;0,44
2862,00;0,44
2863,00;0,36
2864,00;0,40
2865,00;0,47
2866,00;0,44
2867,00;0,44
2868,00;0,51
2869,00;0,51
2870,00;0,58
2871,00;0,40
2872,00;0,58
2873,00;0,47
2874,00;0,51
2875,00;0,44
2876,00;0,36
2877,00;0,44
2878,00;0,40
2879,00;0,51
2880,00;0,51
2881,00;0,51
2882,00;0,51
2883,00;0,51
2884,00;0,73
2885,00;0,51
2886,00;0,55
2887,00;0,58
2888,00;0,47
2889,00;0,44
2890,00;0,44
2891,00;0,47
2892,00;0,44
2893,00;0,47
2894,00;0,51
2895,00;0,58
2896,00;0,58
2897,00;0,62
2898,00;0,58
2899,00;0,66
2900,00;0,51
2901,00;0,51
2902,00;0,51
2903,00;0,47
2904,00;0,58
2905,00;0,58
2906,00;0,55
2907,00;0,58
2908,00;0,55
2909,00;0,73
2910,00;0,66
2911,00;0,62
2912,00;0,62
2913,00;0,66
2914,00;0,58
2915,00;0,62
2916,00;0,62
2917,00;0,58
2918,00;0,58
2919,00;0,69
2920,00;0,69
2921,00;0,66
2922,00;0,69
2923,00;0,66
2924,00;0,73
2925,00;0,66
2926,00;0,62
2927,00;0,58
2928,00;0,55
2929,00;0,55
2930,00;0,55
2931,00;0,51
2932,00;0,77
2933,00;0,73
2934,00;0,73
2935,00;0,66
2936,00;0,80
2937,00;0,69
2938,00;0,73
2939,00;0,73
2940,00;0,69
2941,00;0,66
2942,00;0,66
2943,00;0,55
2944,00;0,69
2945,00;0,69
2946,00;0,73
2947,00;0,73
2948,00;0,77
2949,00;0,73
2950,00;0,77
2951,00;0,73
2952,00;0,66
2953,00;0,66
2954,00;0,58
2955,00;0,62
2956,00;0,58
2957,00;0,62
2958,00;0,66
2959,00;0,66
2960,00;0,66
2961,00;0,69
2962,00;0,73
2963,00;0,80
2964,00;0,69
2965,00;0,69
2966,00;0,69
2967,00;0,62
2968,00;0,62
2969,00;0,62
2970,00;0,58
2971,00;0,73
2972,00;0,73
2973,00;0,73
2974,00;0,73
2975,00;0,77
2976,00;0,77
2977,00;0,80
2978,00;0,69
2979,00;0,69
2980,00;0,73
2981,00;0,73
2982,00;0,69
2983,00;0,77
2984,00;0,77
2985,00;0,77
2986,00;0,80
2987,00;0,80
2988,00;0,87
2989,00;0,87
2990,00;0,73
2991,00;0,84
2992,00;0,84
2993,00;0,80
2994,00;0,73
2995,00;0,73
2996,00;0,73
2997,00;0,77
2998,00;0,84
2999,00;0,84
3000,00;0,87
3001,00;0,84
3002,00;0,91
3003,00;0,80
3004,00;0,98
3005,00;0,98
3006,00;0,87
3007,00;0,77
3008,00;0,84
3009,00;0,84
3010,00;0,87
3011,00;0,87
3012,00;0,84
3013,00;0,95
3014,00;0,95
3015,00;0,91
3016,00;0,91
3017,00;0,95
3018,00;0,95
3019,00;0,87
3020,00;0,84
3021,00;0,87
3022,00;0,87
3023,00;0,87
3024,00;0,87
3025,00;0,91
3026,00;0,91
3027,00;0,91
3028,00;0,87
3029,00;1,09
3030,00;0,91
3031,00;0,91
3032,00;0,98
3033,00;0,91
3034,00;0,84
3035,00;0,95
3036,00;0,95
3037,00;1,02
3038,00;1,02
3039,00;1,06
3040,00;0,98
3041,00;1,02
3042,00;1,02
3043,00;1,06
3044,00;1,06
3045,00;0,91
3046,00;0,91
3047,00;0,98
3048,00;0,95
3049,00;1,02
3050,00;0,95
3051,00;1,24
3052,00;1,24
3053,00;1,13
3054,00;1,06
3055,00;1,13
3056,00;1,02
3057,00;1,02
3058,00;0,98
3059,00;1,09
3060,00;0,95
3061,00;0,95
3062,00;1,09
3063,00;1,06
3064,00;1,17
3065,00;1,17
3066,00;1,09
3067,00;1,17
3068,00;1,13
3069,00;1,17
3070,00;1,02
3071,00;1,02
3072,00;1,09
3073,00;1,06
3074,00;0,98
3075,00;0,98
3076,00;1,17
3077,00;1,20
3078,00;1,24
3079,00;1,09
3080,00;1,20
3081,00;1,20
3082,00;1,20
3083,00;1,09
3084,00;1,09
3085,00;1,17
3086,00;1,17
3087,00;0,95
3088,00;1,13
3089,00;1,20
3090,00;1,20
3091,00;1,20
3092,00;1,24
3093,00;1,24
3094,00;1,17
3095,00;1,24
3096,00;1,24
3097,00;1,17
3098,00;1,06
3099,00;1,06
3100,00;1,17
3101,00;1,17
3102,00;1,31
3103,00;1,28
3104,00;1,28
3105,00;1,31
3106,00;1,31
3107,00;1,31
3108,00;1,28
3109,00;1,28
3110,00;1,24
3111,00;1,24
3112,00;1,06
3113,00;1,06
3114,00;1,24
3115,00;1,28
3116,00;1,28
3117,00;1,28
3118,00;1,28
3119,00;1,35
3120,00;1,24
3121,00;1,24
3122,00;1,35
3123,00;1,31
3124,00;1,38
3125,00;1,13
3126,00;1,13
3127,00;1,42
3128,00;1,31
3129,00;1,38
3130,00;1,38
3131,00;1,38
3132,00;1,35
3133,00;1,35
3134,00;1,42
3135,00;1,38
3136,00;1,42
3137,00;1,35
3138,00;1,24
3139,00;1,24
3140,00;1,24
3141,00;1,38
3142,00;1,46
3143,00;1,46
3144,00;1,28
3145,00;1,49
3146,00;1,38
3147,00;1,38
3148,00;1,46
3149,00;1,53
3150,00;1,46
3151,00;1,38
3152,00;1,38
3153,00;1,46
3154,00;1,35
3155,00;1,42
3156,00;1,46
3157,00;1,42
3158,00;1,60
3159,00;1,53
3160,00;1,53
3161,00;1,57
3162,00;1,42
3163,00;1,38
3164,00;1,46
3165,00;1,38
3166,00;1,49
3167,00;1,49
3168,00;1,46
3169,00;1,49
3170,00;1,49
3171,00;1,60
3172,00;1,79
3173,00;1,68
3174,00;1,68
3175,00;1,79
3176,00;1,79
3177,00;1,64
3178,00;1,75
3179,00;1,71
3180,00;1,93
3181,00;1,93
3182,00;2,00
3183,00;2,15
3184,00;2,19
3185,00;2,26
3186,00;2,26
3187,00;2,33
3188,00;2,26
3189,00;2,22
3190,00;2,33
3191,00;2,40
3192,00;2,40
3193,00;2,48
3194,00;2,62
3195,00;2,66
3196,00;3,10
3197,00;3,10
3198,00;3,17
3199,00;3,17
3200,00;3,35
3201,00;3,32
3202,00;3,42
3203,00;3,53
3204,00;3,53
3205,00;3,75
3206,00;4,04
3207,00;4,37
3208,00;5,06
3209,00;5,06
3210,00;5,54
3211,00;5,57
3212,00;5,90
3213,00;6,38
3214,00;7,32
3215,00;7,32
3216,00;8,38
3217,00;8,38
3218,00;8,63
3219,00;9,04
3220,00;10,20
0,00;;9,00
0,00;;11,00
300,00;;11,00
300,00;;9,00
0,00;;9,00
